Termine,Descrizione,Sinonimi,Collegamenti
Biblioteca,"Divisa su due piani, ha tre terminali,sono presenti scaffali",none,"Scaffali,Libro,Clienti,Dipendenti"
Terminale,Apparecchio informatico contenente database informativi,Sistema,"Clienti,Dipendenti"
Clienti,"Possiedono una tessera associativa,possono prendere un libro alla volta,Acquirenti,"Terminale,Libro"
Dipendenti,Sono 10,Commessi,"Terminale,Clienti"
Tessera associativa,Contiene i dati del cliente e il suo codice,none,Clienti
Libro,"Divisi in scaffali,una sola copia a libro. Possono essere consultati dentro e fuori dalla biblioteca",Opera,"Clienti,Terminale"